Workbook

Sheet Shipment Data
A1: Delivery Analysis – Shipment Tracking Data
A2: Source data for all delivery KPIs | Status: Delivered = On-Time | Delayed = Late | In Transit = Pending
A3: Shipment ID | B3: Product | C3: Origin | D3: Destination | E3: Quantity | F3: Shipment Cost (€) | G3: Delivery Status | H3: Route (Origin→Dest) | I3: Days Delayed
A4: S001 | B4: Pallets | C4: Berlin | D4: Hamburg | E4: 50 | F4: 400 | G4: Delivered | H4: =C4&" → "&D4 -> Berlin → Hamburg | I4: 0
A5: S002 | B5: Packaging Boxes | C5: Munich | D5: Berlin | E5: 200 | F5: 150 | G5: In Transit | H5: =C5&" → "&D5 -> Munich → Berlin | I5: 0
A6: S003 | B6: Barcode Scanner | C6: Hamburg | D6: Frankfurt | E6: 10 | F6: 300 | G6: Delivered | H6: =C6&" → "&D6 -> Hamburg → Frankfurt | I6: 0
A7: S004 | B7: Label Printer | C7: Berlin | D7: Cologne | E7: 8 | F7: 250 | G7: Delayed | H7: =C7&" → "&D7 -> Berlin → Cologne | I7: 3
A8: S005 | B8: Forklift | C8: Munich | D8: Stuttgart | E8: 2 | F8: 1200 | G8: Delivered | H8: =C8&" → "&D8 -> Munich → Stuttgart | I8: 0
A9: S006 | B9: Storage Bins | C9: Frankfurt | D9: Berlin | E9: 60 | F9: 200 | G9: In Transit | H9: =C9&" → "&D9 -> Frankfurt → Berlin | I9: 0
A10: S007 | B10: Conveyor Belt | C10: Cologne | D10: Hamburg | E10: 3 | F10: 900 | G10: Delivered | H10: =C10&" → "&D10 -> Cologne → Hamburg | I10: 0
A11: S008 | B11: Hand Truck | C11: Berlin | D11: Munich | E11: 15 | F11: 180 | G11: Delayed | H11: =C11&" → "&D11 -> Berlin → Munich | I11: 2
A12: S009 | B12: Pallet Jack | C12: Stuttgart | D12: Frankfurt | E12: 6 | F12: 350 | G12: Delivered | H12: =C12&" → "&D12 -> Stuttgart → Frankfurt | I12: 0
A13: S010 | B13: Warehouse Scale | C13: Hamburg | D13: Cologne | E13: 4 | F13: 280 | G13: In Transit | H13: =C13&" → "&D13 -> Hamburg → Cologne | I13: 0
A14: S011 | B14: Safety Helmet | C14: Berlin | D14: Stuttgart | E14: 70 | F14: 220 | G14: Delivered | H14: =C14&" → "&D14 -> Berlin → Stuttgart | I14: 0
A15: S012 | B15: Gloves | C15: Munich | D15: Hamburg | E15: 150 | F15: 140 | G15: Delivered | H15: =C15&" → "&D15 -> Munich → Hamburg | I15: 0
... A18: S015 | B18: Packaging Tape | C18: Hamburg | D18: Frankfurt | E18: 300 | F18: 130 | G18: Delivered | H18: =C18&" → "&D18 -> Hamburg → Frankfurt | I18: 0
A19: TOTALS | F19: =SUM(F4:F18) -> 5280

Sheet Delivery Analysis
A1: Delivery Analysis – On-Time Rate, Delays & Cost per Route
A2: Route-level KPIs pulled live from Shipment Data sheet | On-Time = Delivered | Delayed = Late | In Transit = Pending
A3: Route (Origin→Dest) | B3: Product | C3: Status | D3: Qty Shipped | E3: Shipment Cost (€) | F3: Days Delayed | G3: On-Time? | H3: Cost/Unit (€) | I3: Delay Flag
A4: ='Shipment Data'!H4 -> Berlin → Hamburg | B4: ='Shipment Data'!B4 -> Pallets | C4: ='Shipment Data'!G4 -> Delivered | D4: ='Shipment Data'!E4 -> 50 | E4: ='Shipment Data'!F4 -> 400 | F4: ='Shipment Data'!I4 -> 0 | G4: =IF(C4="Delivered","✅ On-Time",IF(C4="Delayed","❌ Delayed","⏳ Pending")) -> ✅ On-Time | H4: =IFERROR(E4/D4,0) -> 8 | I4: =IF(C4="Delayed","🔴 DELAYED",IF(C4="In Transit","🟡 IN TRANSIT","🟢 DELIVERED")) -> 🟢 DELIVERED
A5: ='Shipment Data'!H5 -> Munich → Berlin | B5: ='Shipment Data'!B5 -> Packaging Boxes | C5: ='Shipment Data'!G5 -> In Transit | D5: ='Shipment Data'!E5 -> 200 | E5: ='Shipment Data'!F5 -> 150 | F5: ='Shipment Data'!I5 -> 0 | G5: =IF(C5="Delivered","✅ On-Time",IF(C5="Delayed","❌ Delayed","⏳ Pending")) -> ⏳ Pending | H5: =IFERROR(E5/D5,0) -> 0.75 | I5: =IF(C5="Delayed","🔴 DELAYED",IF(C5="In Transit","🟡 IN TRANSIT","🟢 DELIVERED")) -> 🟡 IN TRANSIT
A6: ='Shipment Data'!H6 -> Hamburg → Frankfurt | B6: ='Shipment Data'!B6 -> Barcode Scanner | C6: ='Shipment Data'!G6 -> Delivered | D6: ='Shipment Data'!E6 -> 10 | E6: ='Shipment Data'!F6 -> 300 | F6: ='Shipment Data'!I6 -> 0 | G6: =IF(C6="Delivered","✅ On-Time",IF(C6="Delayed","❌ Delayed","⏳ Pending")) -> ✅ On-Time | H6: =IFERROR(E6/D6,0) -> 30 | I6: =IF(C6="Delayed","🔴 DELAYED",IF(C6="In Transit","🟡 IN TRANSIT","🟢 DELIVERED")) -> 🟢 DELIVERED
A7: ='Shipment Data'!H7 -> Berlin → Cologne | B7: ='Shipment Data'!B7 -> Label Printer | C7: ='Shipment Data'!G7 -> Delayed | D7: ='Shipment Data'!E7 -> 8 | E7: ='Shipment Data'!F7 -> 250 | F7: ='Shipment Data'!I7 -> 3 | G7: =IF(C7="Delivered","✅ On-Time",IF(C7="Delayed","❌ Delayed","⏳ Pending")) -> ❌ Delayed | H7: =IFERROR(E7/D7,0) -> 31.25 | I7: =IF(C7="Delayed","🔴 DELAYED",IF(C7="In Transit","🟡 IN TRANSIT","🟢 DELIVERED")) -> 🔴 DELAYED
A8: ='Shipment Data'!H8 -> Munich → Stuttgart | B8: ='Shipment Data'!B8 -> Forklift | C8: ='Shipment Data'!G8 -> Delivered | D8: ='Shipment Data'!E8 -> 2 | E8: ='Shipment Data'!F8 -> 1200 | F8: ='Shipment Data'!I8 -> 0 | G8: =IF(C8="Delivered","✅ On-Time",IF(C8="Delayed","❌ Delayed","⏳ Pending")) -> ✅ On-Time | H8: =IFERROR(E8/D8,0) -> 600 | I8: =IF(C8="Delayed","🔴 DELAYED",IF(C8="In Transit","🟡 IN TRANSIT","🟢 DELIVERED")) -> 🟢 DELIVERED
A9: ='Shipment Data'!H9 -> Frankfurt → Berlin | B9: ='Shipment Data'!B9 -> Storage Bins | C9: ='Shipment Data'!G9 -> In Transit | D9: ='Shipment Data'!E9 -> 60 | E9: ='Shipment Data'!F9 -> 200 | F9: ='Shipment Data'!I9 -> 0 | G9: =IF(C9="Delivered","✅ On-Time",IF(C9="Delayed","❌ Delayed","⏳ Pending")) -> ⏳ Pending | H9: =IFERROR(E9/D9,0) -> 3.3333333 | I9: =IF(C9="Delayed","🔴 DELAYED",IF(C9="In Transit","🟡 IN TRANSIT","🟢 DELIVERED")) -> 🟡 IN TRANSIT
A10: ='Shipment Data'!H10 -> Cologne → Hamburg | B10: ='Shipment Data'!B10 -> Conveyor Belt | C10: ='Shipment Data'!G10 -> Delivered | D10: ='Shipment Data'!E10 -> 3 | E10: ='Shipment Data'!F10 -> 900 | F10: ='Shipment Data'!I10 -> 0 | G10: =IF(C10="Delivered","✅ On-Time",IF(C10="Delayed","❌ Delayed","⏳ Pending")) -> ✅ On-Time | H10: =IFERROR(E10/D10,0) -> 300 | I10: =IF(C10="Delayed","🔴 DELAYED",IF(C10="In Transit","🟡 IN TRANSIT","🟢 DELIVERED")) -> 🟢 DELIVERED
A11: ='Shipment Data'!H11 -> Berlin → Munich | B11: ='Shipment Data'!B11 -> Hand Truck | C11: ='Shipment Data'!G11 -> Delayed | D11: ='Shipment Data'!E11 -> 15 | E11: ='Shipment Data'!F11 -> 180 | F11: ='Shipment Data'!I11 -> 2 | G11: =IF(C11="Delivered","✅ On-Time",IF(C11="Delayed","❌ Delayed","⏳ Pending")) -> ❌ Delayed | H11: =IFERROR(E11/D11,0) -> 12 | I11: =IF(C11="Delayed","🔴 DELAYED",IF(C11="In Transit","🟡 IN TRANSIT","🟢 DELIVERED")) -> 🔴 DELAYED
A12: ='Shipment Data'!H12 -> Stuttgart → Frankfurt | B12: ='Shipment Data'!B12 -> Pallet Jack | C12: ='Shipment Data'!G12 -> Delivered | D12: ='Shipment Data'!E12 -> 6 | E12: ='Shipment Data'!F12 -> 350 | F12: ='Shipment Data'!I12 -> 0 | G12: =IF(C12="Delivered","✅ On-Time",IF(C12="Delayed","❌ Delayed","⏳ Pending")) -> ✅ On-Time | H12: =IFERROR(E12/D12,0) -> 58.333333 | I12: =IF(C12="Delayed","🔴 DELAYED",IF(C12="In Transit","🟡 IN TRANSIT","🟢 DELIVERED")) -> 🟢 DELIVERED
A13: ='Shipment Data'!H13 -> Hamburg → Cologne | B13: ='Shipment Data'!B13 -> Warehouse Scale | C13: ='Shipment Data'!G13 -> In Transit | D13: ='Shipment Data'!E13 -> 4 | E13: ='Shipment Data'!F13 -> 280 | F13: ='Shipment Data'!I13 -> 0 | G13: =IF(C13="Delivered","✅ On-Time",IF(C13="Delayed","❌ Delayed","⏳ Pending")) -> ⏳ Pending | H13: =IFERROR(E13/D13,0) -> 70 | I13: =IF(C13="Delayed","🔴 DELAYED",IF(C13="In Transit","🟡 IN TRANSIT","🟢 DELIVERED")) -> 🟡 IN TRANSIT
A14: ='Shipment Data'!H14 -> Berlin → Stuttgart | B14: ='Shipment Data'!B14 -> Safety Helmet | C14: ='Shipment Data'!G14 -> Delivered | D14: ='Shipment Data'!E14 -> 70 | E14: ='Shipment Data'!F14 -> 220 | F14: ='Shipment Data'!I14 -> 0 | G14: =IF(C14="Delivered","✅ On-Time",IF(C14="Delayed","❌ Delayed","⏳ Pending")) -> ✅ On-Time | H14: =IFERROR(E14/D14,0) -> 3.1428571 | I14: =IF(C14="Delayed","🔴 DELAYED",IF(C14="In Transit","🟡 IN TRANSIT","🟢 DELIVERED")) -> 🟢 DELIVERED
A15: ='Shipment Data'!H15 -> Munich → Hamburg | B15: ='Shipment Data'!B15 -> Gloves | C15: ='Shipment Data'!G15 -> Delivered | D15: ='Shipment Data'!E15 -> 150 | E15: ='Shipment Data'!F15 -> 140 | F15: ='Shipment Data'!I15 -> 0 | G15: =IF(C15="Delivered","✅ On-Time",IF(C15="Delayed","❌ Delayed","⏳ Pending")) -> ✅ On-Time | H15: =IFERROR(E15/D15,0) -> 0.93333333 | I15: =IF(C15="Delayed","🔴 DELAYED",IF(C15="In Transit","🟡 IN TRANSIT","🟢 DELIVERED")) -> 🟢 DELIVERED
... A18: ='Shipment Data'!H18 -> Hamburg → Frankfurt | B18: ='Shipment Data'!B18 -> Packaging Tape | C18: ='Shipment Data'!G18 -> Delivered | D18: ='Shipment Data'!E18 -> 300 | E18: ='Shipment Data'!F18 -> 130 | F18: ='Shipment Data'!I18 -> 0 | G18: =IF(C18="Delivered","✅ On-Time",IF(C18="Delayed","❌ Delayed","⏳ Pending")) -> ✅ On-Time | H18: =IFERROR(E18/D18,0) -> 0.43333333 | I18: =IF(C18="Delayed","🔴 DELAYED",IF(C18="In Transit","🟡 IN TRANSIT","🟢 DELIVERED")) -> 🟢 DELIVERED
A19: TOTALS / KPIs | D19: =SUM(D4:D18) -> 895 | E19: =SUM(E4:E18) -> 5280

Sheet Route Summary
A1: Route Summary – Cost, Volume & On-Time Rate by Origin/Destination
A2: Aggregated per route | On-Time Rate = Delivered / Total Shipments | Avg Cost = Total Cost / No. of Shipments
A3: Route (Origin → Dest) | B3: Total Shipments | C3: Total Cost (€) | D3: Delivered (On-Time) | E3: Delayed | F3: On-Time Rate (%)
A4: Berlin → Cologne | B4: 1 | C4: 250 | D4: 0 | E4: 1 | F4: =IFERROR(D4/B4,0) -> 0
A5: Berlin → Hamburg | B5: 1 | C5: 400 | D5: 1 | E5: 0 | F5: =IFERROR(D5/B5,0) -> 1
A6: Berlin → Munich | B6: 1 | C6: 180 | D6: 0 | E6: 1 | F6: =IFERROR(D6/B6,0) -> 0
A7: Berlin → Stuttgart | B7: 1 | C7: 220 | D7: 1 | E7: 0 | F7: =IFERROR(D7/B7,0) -> 1
A8: Cologne → Hamburg | B8: 1 | C8: 900 | D8: 1 | E8: 0 | F8: =IFERROR(D8/B8,0) -> 1
A9: Cologne → Munich | B9: 1 | C9: 260 | D9: 0 | E9: 1 | F9: =IFERROR(D9/B9,0) -> 0
A10: Frankfurt → Berlin | B10: 2 | C10: 520 | D10: 0 | E10: 0 | F10: =IFERROR(D10/B10,0) -> 0
A11: Hamburg → Cologne | B11: 1 | C11: 280 | D11: 0 | E11: 0 | F11: =IFERROR(D11/B11,0) -> 0
A12: Hamburg → Frankfurt | B12: 2 | C12: 430 | D12: 2 | E12: 0 | F12: =IFERROR(D12/B12,0) -> 1
A13: Munich → Berlin | B13: 1 | C13: 150 | D13: 0 | E13: 0 | F13: =IFERROR(D13/B13,0) -> 0
A14: Munich → Hamburg | B14: 1 | C14: 140 | D14: 1 | E14: 0 | F14: =IFERROR(D14/B14,0) -> 1
A15: Munich → Stuttgart | B15: 1 | C15: 1200 | D15: 1 | E15: 0 | F15: =IFERROR(D15/B15,0) -> 1
A16: Stuttgart → Frankfurt | B16: 1 | C16: 350 | D16: 1 | E16: 0 | F16: =IFERROR(D16/B16,0) -> 1
A17: TOTAL / AVERAGE | B17: =SUM(B4:B16) -> 15 | C17: =SUM(C4:C16) -> 5280 | D17: =SUM(D4:D16) -> 8 | E17: =SUM(E4:E16) -> 3 | F17: =IFERROR(D17/B17,0) -> 0.53333333

Sheet KPI Dashboard
A1: Delivery KPI Dashboard
A2: KPI Metric | B2: Value | C2: Formula / Source | D2: Interpretation
A3: Total Shipments | B3: =COUNTA('Shipment Data'!A4:A18) -> 15 | C3: COUNT of all shipment IDs | D3: All tracked deliveries
A4: Delivered (On-Time) | B4: =COUNTIF('Shipment Data'!G4:G18,"Delivered") -> 8 | C4: COUNTIF status = "Delivered" | D4: Completed on-time shipments
A5: Delayed | B5: =COUNTIF('Shipment Data'!G4:G18,"Delayed") -> 3 | C5: COUNTIF status = "Delayed | D5: Late deliveries needing attention
A6: In Transit | B6: =COUNTIF('Shipment Data'!G4:G18,"In Transit") -> 4 | C6: COUNTIF status = "In Transit" | D6: Currently in progress
A7: On-Time Delivery Rate | B7: =IFERROR(COUNTIF('Shipment Data'!G4:G18,"Delivered")/COUNTA('Shipment Data'!G4:G18),0) -> 0.53333333 | C7: Delivered / Total Shipments | D7: % of shipments arriving on time
A8: Delay Rate | B8: =IFERROR(COUNTIF('Shipment Data'!G4:G18,"Delayed")/COUNTA('Shipment Data'!G4:G18),0) -> 0.2 | C8: Delayed / Total Shipments | D8: % of shipments that are late
A9: Total Shipment Cost (€) | B9: =SUM('Shipment Data'!F4:F18) -> 5280 | C9: SUM of all shipment costs | D9: Total logistics spend
A10: Average Cost per Shipment (€) | B10: =IFERROR(SUM('Shipment Data'!F4:F18)/COUNTA('Shipment Data'!A4:A18),0) -> 352 | C10: Total Cost / Total Shipments | D10: Avg cost per delivery order
A11: Total Qty Shipped | B11: =SUM('Shipment Data'!E4:E18) -> 895 | C11: SUM of all quantities | D11: Total units dispatched
A12: Avg Days Delayed (Delayed Only) | B12: =IFERROR(AVERAGEIF('Shipment Data'!G4:G18,"Delayed",'Shipment Data'!I4:I18),0) -> 3.3333333 | C12: AVERAGEIF for delayed status | D12: Avg days late for delayed shipments
A13: Highest Cost Route | B13: =INDEX('Route Summary'!A4:A16,MATCH(MAX('Route Summary'!C4:C16),'Route Summary'!C4:C16,0)) -> Munich → Stuttgart | C13: INDEX/MATCH on max cost | D13: Most expensive route
A14: Best On-Time Route | B14: =INDEX('Route Summary'!A4:A16,MATCH(MAX('Route Summary'!F4:F16),'Route Summary'!F4:F16,0)) -> Berlin → Hamburg | C14: INDEX/MATCH on max on-time rate | D14: Route with best performance
A17: Status Key
A18: ✅ Delivered – On-Time
A19: ❌ Delayed – Action Required
A20: ⏳ In Transit – Pending
