Workbook

Sheet Assumptions
A1: Reorder Planning – EOQ Assumptions
A2: Parameter | B2: Value | C2: Notes
A3: Annual Demand Multiplier | B3: 12 | C3: Multiply monthly demand to get annual
A4: Ordering Cost per Order (€) | B4: 50 | C4: Fixed cost per purchase order placed
A5: Holding Cost Rate (% of price) | B5: 0.2 | C5: Annual holding cost as % of unit price
A6: Lead Time (days) | B6: 7 | C6: Supplier delivery lead time in days
A7: Safety Stock Buffer (%) | B7: 0.1 | C7: Extra buffer above reorder level
A8: Working Days per Year | B8: 250 | C8: Used for daily demand calculation

Sheet Reorder Planning
A1: Reorder Planning – Auto-Flag Low Stock & EOQ Calculator
A2: EOQ = √(2 × Annual Demand × Ordering Cost / Holding Cost) | Purchase Cost = EOQ × Unit Price | Low-Stock flagged automatically
A3: Product ID | B3: Product Name | C3: Supplier | D3: Current Stock | E3: Reorder Level | F3: Unit Price (€) | G3: Monthly Demand | H3: Annual Demand | I3: EOQ (Units) | J3: Safety Stock | K3: Reorder Qty (Units) | L3: Purchase Cost (€) | M3: Stock Status
A4: P001 | B4: Pallet | C4: Supplier A | D4: 50 | E4: 20 | F4: 100 | G4: 40 | H4: =G4*Assumptions!$B$3 -> 480 | I4: =ROUND(SQRT((2*H4*Assumptions!$B$4)/(Assumptions!$B$5*F4)),0) -> 49 | J4: =ROUND(E4*Assumptions!$B$7,0) -> 2 | K4: =IF(D4<=E4,MAX(I4,E4+J4-D4),0) -> 0 | L4: =K4*F4 -> 0 | M4: =IF(D4<=E4,"🔴 LOW STOCK",IF(D4<=E4*1.2,"⚠️ WARNING"," OK")) -> OK
A5: P002 | B5: Packaging Box | C5: Supplier B | D5: 200 | E5: 100 | F5: 5 | G5: 180 | H5: =G5*Assumptions!$B$3 -> 2160 | I5: =ROUND(SQRT((2*H5*Assumptions!$B$4)/(Assumptions!$B$5*F5)),0) -> 465 | J5: =ROUND(E5*Assumptions!$B$7,0) -> 10 | K5: =IF(D5<=E5,MAX(I5,E5+J5-D5),0) -> 0 | L5: =K5*F5 -> 0 | M5: =IF(D5<=E5,"🔴 LOW STOCK",IF(D5<=E5*1.2,"⚠️ WARNING"," OK")) -> OK
A6: P003 | B6: Barcode Scanner | C6: Supplier C | D6: 15 | E6: 10 | F6: 250 | G6: 10 | H6: =G6*Assumptions!$B$3 -> 120 | I6: =ROUND(SQRT((2*H6*Assumptions!$B$4)/(Assumptions!$B$5*F6)),0) -> 15 | J6: =ROUND(E6*Assumptions!$B$7,0) -> 1 | K6: =IF(D6<=E6,MAX(I6,E6+J6-D6),0) -> 0 | L6: =K6*F6 -> 0 | M6: =IF(D6<=E6,"🔴 LOW STOCK",IF(D6<=E6*1.2,"⚠️ WARNING"," OK")) -> OK
A7: P004 | B7: Label Printer | C7: Supplier A | D7: 10 | E7: 5 | F7: 400 | G7: 8 | H7: =G7*Assumptions!$B$3 -> 96 | I7: =ROUND(SQRT((2*H7*Assumptions!$B$4)/(Assumptions!$B$5*F7)),0) -> 11 | J7: =ROUND(E7*Assumptions!$B$7,0) -> 1 | K7: =IF(D7<=E7,MAX(I7,E7+J7-D7),0) -> 0 | L7: =K7*F7 -> 0 | M7: =IF(D7<=E7,"🔴 LOW STOCK",IF(D7<=E7*1.2,"⚠️ WARNING"," OK")) -> OK
A8: P005 | B8: Forklift | C8: Supplier D | D8: 3 | E8: 2 | F8: 12000 | G8: 2 | H8: =G8*Assumptions!$B$3 -> 24 | I8: =ROUND(SQRT((2*H8*Assumptions!$B$4)/(Assumptions!$B$5*F8)),0) -> 1 | J8: =ROUND(E8*Assumptions!$B$7,0) -> 0 | K8: =IF(D8<=E8,MAX(I8,E8+J8-D8),0) -> 0 | L8: =K8*F8 -> 0 | M8: =IF(D8<=E8,"🔴 LOW STOCK",IF(D8<=E8*1.2,"⚠️ WARNING"," OK")) -> OK
A9: P006 | B9: Storage Bin | C9: Supplier B | D9: 80 | E9: 40 | F9: 20 | G9: 60 | H9: =G9*Assumptions!$B$3 -> 720 | I9: =ROUND(SQRT((2*H9*Assumptions!$B$4)/(Assumptions!$B$5*F9)),0) -> 134 | J9: =ROUND(E9*Assumptions!$B$7,0) -> 4 | K9: =IF(D9<=E9,MAX(I9,E9+J9-D9),0) -> 0 | L9: =K9*F9 -> 0 | M9: =IF(D9<=E9,"🔴 LOW STOCK",IF(D9<=E9*1.2,"⚠️ WARNING"," OK")) -> OK
A10: P007 | B10: Conveyor Belt | C10: Supplier C | D10: 5 | E10: 3 | F10: 5000 | G10: 4 | H10: =G10*Assumptions!$B$3 -> 48 | I10: =ROUND(SQRT((2*H10*Assumptions!$B$4)/(Assumptions!$B$5*F10)),0) -> 2 | J10: =ROUND(E10*Assumptions!$B$7,0) -> 0 | K10: =IF(D10<=E10,MAX(I10,E10+J10-D10),0) -> 0 | L10: =K10*F10 -> 0 | M10: =IF(D10<=E10,"🔴 LOW STOCK",IF(D10<=E10*1.2,"⚠️ WARNING"," OK")) -> OK
A11: P008 | B11: Hand Truck | C11: Supplier A | D11: 12 | E11: 5 | F11: 150 | G11: 10 | H11: =G11*Assumptions!$B$3 -> 120 | I11: =ROUND(SQRT((2*H11*Assumptions!$B$4)/(Assumptions!$B$5*F11)),0) -> 20 | J11: =ROUND(E11*Assumptions!$B$7,0) -> 1 | K11: =IF(D11<=E11,MAX(I11,E11+J11-D11),0) -> 0 | L11: =K11*F11 -> 0 | M11: =IF(D11<=E11,"🔴 LOW STOCK",IF(D11<=E11*1.2,"⚠️ WARNING"," OK")) -> OK
A12: P009 | B12: Pallet Jack | C12: Supplier D | D12: 7 | E12: 3 | F12: 300 | G12: 6 | H12: =G12*Assumptions!$B$3 -> 72 | I12: =ROUND(SQRT((2*H12*Assumptions!$B$4)/(Assumptions!$B$5*F12)),0) -> 11 | J12: =ROUND(E12*Assumptions!$B$7,0) -> 0 | K12: =IF(D12<=E12,MAX(I12,E12+J12-D12),0) -> 0 | L12: =K12*F12 -> 0 | M12: =IF(D12<=E12,"🔴 LOW STOCK",IF(D12<=E12*1.2,"⚠️ WARNING"," OK")) -> OK
A13: P010 | B13: Shrink Wrap Machine | C13: Supplier B | D13: 2 | E13: 1 | F13: 2500 | G13: 2 | H13: =G13*Assumptions!$B$3 -> 24 | I13: =ROUND(SQRT((2*H13*Assumptions!$B$4)/(Assumptions!$B$5*F13)),0) -> 2 | J13: =ROUND(E13*Assumptions!$B$7,0) -> 0 | K13: =IF(D13<=E13,MAX(I13,E13+J13-D13),0) -> 0 | L13: =K13*F13 -> 0 | M13: =IF(D13<=E13,"🔴 LOW STOCK",IF(D13<=E13*1.2,"⚠️ WARNING"," OK")) -> OK
A14: P011 | B14: Safety Helmet | C14: Supplier C | D14: 60 | E14: 30 | F14: 25 | G14: 50 | H14: =G14*Assumptions!$B$3 -> 600 | I14: =ROUND(SQRT((2*H14*Assumptions!$B$4)/(Assumptions!$B$5*F14)),0) -> 110 | J14: =ROUND(E14*Assumptions!$B$7,0) -> 3 | K14: =IF(D14<=E14,MAX(I14,E14+J14-D14),0) -> 0 | L14: =K14*F14 -> 0 | M14: =IF(D14<=E14,"🔴 LOW STOCK",IF(D14<=E14*1.2,"⚠️ WARNING"," OK")) -> OK
A15: P012 | B15: Gloves | C15: Supplier A | D15: 150 | E15: 70 | F15: 10 | G15: 120 | H15: =G15*Assumptions!$B$3 -> 1440 | I15: =ROUND(SQRT((2*H15*Assumptions!$B$4)/(Assumptions!$B$5*F15)),0) -> 268 | J15: =ROUND(E15*Assumptions!$B$7,0) -> 7 | K15: =IF(D15<=E15,MAX(I15,E15+J15-D15),0) -> 0 | L15: =K15*F15 -> 0 | M15: =IF(D15<=E15,"🔴 LOW STOCK",IF(D15<=E15*1.2,"⚠️ WARNING"," OK")) -> OK
A16: P013 | B16: Industrial Fan | C16: Supplier D | D16: 8 | E16: 5 | F16: 400 | G16: 6 | H16: =G16*Assumptions!$B$3 -> 72 | I16: =ROUND(SQRT((2*H16*Assumptions!$B$4)/(Assumptions!$B$5*F16)),0) -> 9 | J16: =ROUND(E16*Assumptions!$B$7,0) -> 1 | K16: =IF(D16<=E16,MAX(I16,E16+J16-D16),0) -> 0 | L16: =K16*F16 -> 0 | M16: =IF(D16<=E16,"🔴 LOW STOCK",IF(D16<=E16*1.2,"⚠️ WARNING","OK")) -> OK
A17: P014 | B17: Warehouse Scale | C17: Supplier B | D17: 6 | E17: 3 | F17: 600 | G17: 5 | H17: =G17*Assumptions!$B$3 -> 60 | I17: =ROUND(SQRT((2*H17*Assumptions!$B$4)/(Assumptions!$B$5*F17)),0) -> 7 | J17: =ROUND(E17*Assumptions!$B$7,0) -> 0 | K17: =IF(D17<=E17,MAX(I17,E17+J17-D17),0) -> 0 | L17: =K17*F17 -> 0 | M17: =IF(D17<=E17,"🔴 LOW STOCK",IF(D17<=E17*1.2,"⚠️ WARNING","OK")) -> OK
A18: P015 | B18: Inventory Scanner | C18: Supplier C | D18: 10 | E18: 5 | F18: 350 | G18: 8 | H18: =G18*Assumptions!$B$3 -> 96 | I18: =ROUND(SQRT((2*H18*Assumptions!$B$4)/(Assumptions!$B$5*F18)),0) -> 12 | J18: =ROUND(E18*Assumptions!$B$7,0) -> 1 | K18: =IF(D18<=E18,MAX(I18,E18+J18-D18),0) -> 0 | L18: =K18*F18 -> 0 | M18: =IF(D18<=E18,"🔴 LOW STOCK",IF(D18<=E18*1.2,"⚠️ WARNING"," OK")) -> OK
A19: TOTALS / SUMMARY | D19: =SUM(D4:D18) -> 618 | K19: =SUM(K4:K18) -> 0 | L19: =SUM(L4:L18) -> 0 | M19: =COUNTIF(M4:M18,"🔴 LOW STOCK")&" Low Stock Items" -> 0 Low Stock Items

Sheet EOQ Summary
A1: EOQ Reorder Summary
A2: Metric | B2: Value | C2: Notes
A3: Total Products Tracked | B3: =COUNTA('Reorder Planning'!A4:A18) -> 15 | C3: All SKUs in planner
A4: Low Stock Items (Need Order) | B4: =COUNTIF('Reorder Planning'!M4:M18,"🔴 LOW STOCK") -> 0 | C4: Immediately needs reorder
A5: Warning Items (Approaching Low) | B5: =COUNTIF('Reorder Planning'!M4:M18,"⚠️ WARNING") -> 0 | C5: Monitor closely
A6: OK Items | B6: =COUNTIF('Reorder Planning'!M4:M18,"✅ OK") -> 0 | C6: Sufficient stock
A7: Total Reorder Units Required | B7: =SUM('Reorder Planning'!K4:K18) -> 0 | C7: Sum of all reorder quantities
A8: Total Purchase Cost (€) | B8: =SUM('Reorder Planning'!L4:L18) -> 0 | C8: Total cost of orders to place
A9: Average EOQ (Units) | B9: =AVERAGE('Reorder Planning'!I4:I18) -> 74.4 | C9: Average Economic Order Qty
A10: Highest Purchase Cost Item | B10: =INDEX('Reorder Planning'!B4:B18,MATCH(MAX('Reorder Planning'!L4:L18),'Reorder Planning'!L4:L18,0)) -> Pallet | C10: Item with highest reorder cost
A13: Status Legend
A14: LOW STOCK | B14: Stock ≤ Reorder Level — Order immediately
A15: WARNING | B15: Stock ≤ 120% of Reorder Level — Monitor closely
B16: Stock > 120% of Reorder Level — Sufficient
