Workbook

Sheet Scoring Weights
A1: Supplier Scorecard – Scoring Weights & Grade Thresholds
A2: Adjust weights (must total 100%) and grade thresholds below — all scorecard calculations update automatically
A4: Scoring Criteria | B4: Weight (%) | C4: Score Range | D4: Notes
A5: On-Time Delivery Rate | B5: 0.3 | C5: 0 – 10 | D5: % shipments delivered on schedule
A6: Delivery Cost Efficiency | B6: 0.25 | C6: 0 – 10 | D6: Lower avg cost = higher score
A7: Volume Reliability | B7: 0.2 | C7: 0 – 10 | D7: Consistency & quantity supplied
A8: Quality / Remarks | B8: 0.15 | C8: 0 – 10 | D8: Good=10, Average=6, Poor=2
A9: Delay Frequency | B9: 0.1 | C9: 0 – 10 | D9: Fewer delays = higher score
A10: TOTAL WEIGHT | B10: =SUM(B5:B9) -> 1
A12: Grade Thresholds (Weighted Score out of 10)
A13: Grade | B13: Min Score | C13: Max Score | D13: Label
A14: A | B14: 7.5 | C14: 10 | D14: Excellent Supplier
A15: B | B15: 5 | C15: 7.49 | D15: Acceptable Supplier
A16: C | B16: 0 | C16: 4.99 | D16: Poor Supplier – Review Required

Sheet Supplier Data
A1: Supplier Raw Performance Data
A2: Source data from Supplier_Performance.xlsx and Shipment_Tracking.xlsx | Blue = editable inputs
A3: Supplier | B3: Products Supplied | C3: Total Qty Supplied | D3: Avg Shipment Cost (€) | E3: Shipments Total | F3: Delivered (On-Time) | G3: Delayed | H3: In Transit | I3: Remarks
A4: Berlin Supply | B4: Pallets, Hand Truck, Warehouse Scale | C4: 69 | D4: 293.33 | E4: 4 | F4: 2 | G4: 1 | H4: 1 | I4: Good
A5: Munich Supply | B5: Packaging Boxes, Forklift, Gloves | C5: 352 | D5: 496.67 | E5: 3 | F5: 2 | G5: 0 | H5: 1 | I5: Average
A6: Hamburg Supply | B6: Barcode Scanner, Packaging Tape | C6: 310 | D6: 225 | E6: 3 | F6: 2 | G6: 0 | H6: 1 | I6: Good
A7: Frankfurt Supply | B7: Storage Bins, Inventory Scanner | C7: 72 | D7: 260 | E7: 3 | F7: 1 | G7: 0 | H7: 2 | I7: Average
A8: Cologne Supply | B8: Conveyor Belt, Industrial Fan | C8: 8 | D8: 580 | E8: 2 | F8: 1 | G8: 1 | H8: 0 | I8: Poor

Sheet Supplier Scorecard
A1: Supplier Scorecard – Weighted Performance Rating
A2: Weighted Score = Σ (Criterion Score × Weight) | Scores 0–10 | Grade A ≥ 7.5 | Grade B ≥ 5.0 | Grade C < 5.0
A3: Supplier | B3: On-Time Delivery (30%) | C3: Cost Efficiency (25%) | D3: Volume Reliability (20%) | E3: Quality / Remarks (15%) | F3: Delay Frequency (10%) | G3: Weighted Score (/10) | H3: Grade (A/B/C) | I3: Rating Label
A4: Berlin Supply | B4: 5 | C4: 8.5 | D4: 3.6 | E4: 10 | F4: 7.5 | G4: =ROUND(B4*'Scoring Weights'!$B$5 + C4*'Scoring Weights'!$B$6 + D4*'Scoring Weights'!$B$7 + E4*'Scoring Weights'!$B$8 + F4*'Scoring Weights'!$B$9, 2) -> 6.6 | H4: =IF(G4>='Scoring Weights'!$B$14,"A",IF(G4>='Scoring Weights'!$B$15,"B","C")) -> B | I4: =IF(H4="A","✅ Excellent Supplier",IF(H4="B","⚠️ Acceptable Supplier","❌ Poor – Review Required")) -> ⚠️ Acceptable Supplier
A5: Munich Supply | B5: 6.7 | C5: 3.9 | D5: 10 | E5: 6 | F5: 10 | G5: =ROUND(B5*'Scoring Weights'!$B$5 + C5*'Scoring Weights'!$B$6 + D5*'Scoring Weights'!$B$7 + E5*'Scoring Weights'!$B$8 + F5*'Scoring Weights'!$B$9, 2) -> 6.89 | H5: =IF(G5>='Scoring Weights'!$B$14,"A",IF(G5>='Scoring Weights'!$B$15,"B","C")) -> B | I5: =IF(H5="A","✅ Excellent Supplier",IF(H5="B","⚠️ Acceptable Supplier","❌ Poor – Review Required")) -> ⚠️ Acceptable Supplier
A6: Hamburg Supply | B6: 6.7 | C6: 10 | D6: 9 | E6: 10 | F6: 10 | G6: =ROUND(B6*'Scoring Weights'!$B$5 + C6*'Scoring Weights'!$B$6 + D6*'Scoring Weights'!$B$7 + E6*'Scoring Weights'!$B$8 + F6*'Scoring Weights'!$B$9, 2) -> 8.81 | H6: =IF(G6>='Scoring Weights'!$B$14,"A",IF(G6>='Scoring Weights'!$B$15,"B","C")) -> A | I6: =IF(H6="A","✅ Excellent Supplier",IF(H6="B","⚠️ Acceptable Supplier","❌ Poor – Review Required")) -> ✅ Excellent Supplier
A7: Frankfurt Supply | B7: 3.3 | C7: 9.2 | D7: 3.6 | E7: 6 | F7: 10 | G7: =ROUND(B7*'Scoring Weights'!$B$5 + C7*'Scoring Weights'!$B$6 + D7*'Scoring Weights'!$B$7 + E7*'Scoring Weights'!$B$8 + F7*'Scoring Weights'!$B$9, 2) -> 5.91 | H7: =IF(G7>='Scoring Weights'!$B$14,"A",IF(G7>='Scoring Weights'!$B$15,"B","C")) -> B | I7: =IF(H7="A","✅ Excellent Supplier",IF(H7="B","⚠️ Acceptable Supplier","❌ Poor – Review Required")) -> ⚠️ Acceptable Supplier
A8: Cologne Supply | B8: 5 | C8: 2 | D8: 2.2 | E8: 2 | F8: 5 | G8: =ROUND(B8*'Scoring Weights'!$B$5 + C8*'Scoring Weights'!$B$6 + D8*'Scoring Weights'!$B$7 + E8*'Scoring Weights'!$B$8 + F8*'Scoring Weights'!$B$9, 2) -> 3.24 | H8: =IF(G8>='Scoring Weights'!$B$14,"A",IF(G8>='Scoring Weights'!$B$15,"B","C")) -> C | I8: =IF(H8="A","✅ Excellent Supplier",IF(H8="B","⚠️ Acceptable Supplier","❌ Poor – Review Required")) -> ❌ Poor – Review Required
A9: AVERAGE / BEST | B9: =ROUND(AVERAGE(B4:B8),1) -> 5.3 | C9: =ROUND(AVERAGE(C4:C8),1) -> 6.7 | D9: =ROUND(AVERAGE(D4:D8),1) -> 5.7 | E9: =ROUND(AVERAGE(E4:E8),1) -> 6.8 | F9: =ROUND(AVERAGE(F4:F8),1) -> 8.5 | G9: =ROUND(AVERAGE(G4:G8),2) -> 6.29 | H9: =INDEX(A4:A8,MATCH(MAX(G4:G8),G4:G8,0)) -> Hamburg Supply | I9: ← Best Supplier

Sheet KPI Dashboard
A1: Supplier Scorecard – KPI Summary Dashboard
A2: Live summary pulling from Supplier Scorecard | Grade A ≥ 7.5 | Grade B ≥ 5.0 | Grade C < 5.0
A3: KPI Metric | B3: Value | C3: Formula Source | D3: Interpretation
A4: Total Suppliers Evaluated | B4: =COUNTA('Supplier Scorecard'!A4:A8) -> 5 | C4: COUNT of supplier rows | D4: All active suppliers
A5: Grade A Suppliers | B5: =COUNTIF('Supplier Scorecard'!H4:H8,"A") -> 1 | C5: COUNTIF Grade = "A" | D5: Excellent performers
A6: Grade B Suppliers | B6: =COUNTIF('Supplier Scorecard'!H4:H8,"B") -> 3 | C6: COUNTIF Grade = "B" | D6: Acceptable performers
A7: Grade C Suppliers | B7: =COUNTIF('Supplier Scorecard'!H4:H8,"C") -> 1 | C7: COUNTIF Grade = "C" | D7: Poor – action required
A8: Average Weighted Score | B8: =ROUND(AVERAGE('Supplier Scorecard'!G4:G8),2) -> 6.29 | C8: AVERAGE of G4:G8 | D8: Overall supplier pool performance
A9: Highest Score | B9: =MAX('Supplier Scorecard'!G4:G8) -> 8.81 | C9: MAX weighted score | D9: Best performing supplier score
A10: Lowest Score | B10: =MIN('Supplier Scorecard'!G4:G8) -> 3.24 | C10: MIN weighted score | D10: Weakest supplier score
A11: Best Supplier (by Score) | B11: =INDEX('Supplier Scorecard'!A4:A8,MATCH(MAX('Supplier Scorecard'!G4:G8),'Supplier Scorecard'!G4:G8,0)) -> Hamburg Supply | C11: INDEX/MATCH on max score | D11: Top-rated supplier
A12: Worst Supplier (by Score) | B12: =INDEX('Supplier Scorecard'!A4:A8,MATCH(MIN('Supplier Scorecard'!G4:G8),'Supplier Scorecard'!G4:G8,0)) -> Cologne Supply | C12: INDEX/MATCH on min score | D12: Supplier needing urgent review
A13: Best On-Time Delivery Score | B13: =MAX('Supplier Scorecard'!B4:B8) -> 6.7 | C13: MAX of column B (On-Time) | D13: Highest delivery reliability score
A14: Best Cost Efficiency Score | B14: =MAX('Supplier Scorecard'!C4:C8) -> 10 | C14: MAX of column C (Cost) | D14: Best cost-per-shipment performance
A17: Grade Legend
A18: A | B18: Score ≥ 7.5 – Excellent Supplier
A19: B | B19: Score ≥ 5.0 – Acceptable Supplier
A20: C | B20: Score < 5.0 – Poor Supplier – Review Required
